<?xml version='1.0' encoding='utf-8'?>
<!--

	Automatically converted from Wavefront OBJ

-->

<scene version="0.5.0">
	<integrator type="bdpt"/>

	<bsdf type="roughdielectric" id="dragon_material">
		<float name="alpha" value="0.01"/>
		<string name="distribution" value="ggx"/>
		<float name="intIOR" value="1.3333"/>
	</bsdf>

	<bsdf type="diffuse" id="light_material">
		<rgb name="reflectance" value="0 0 0"/>
	</bsdf>

	<bsdf type="roughplastic" id="white_material">
		<rgb name="diffuseReflectance" value="1 1 1"/>
		<string name="distribution" value="ggx"/>
	</bsdf>

	<bsdf type="roughplastic" id="gray_material">
		<rgb name="diffuseReflectance" value="0.64314 0.64314 0.64314"/>
		<string name="distribution" value="ggx"/>
	</bsdf>

	<shape type="serialized" id="dragon_mesh">
		<string name="filename" value="dragon_scene.serialized"/>
		<integer name="shapeIndex" value="0"/>

		<ref name="bsdf" id="dragon_material"/>
	</shape>

	<shape type="serialized" id="light1_mesh">
		<string name="filename" value="dragon_scene.serialized"/>
		<integer name="shapeIndex" value="1"/>

		<ref name="bsdf" id="light_material"/>

		<emitter type="area">
			<rgb name="radiance" value="1000 500 250"/>
		</emitter>
	</shape>

	<shape type="serialized" id="background_mesh">
		<string name="filename" value="dragon_scene.serialized"/>
		<integer name="shapeIndex" value="2"/>

		<ref name="bsdf" id="white_material"/>
	</shape>

	<shape type="serialized" id="dragon_scene_mesh">
		<string name="filename" value="dragon_scene.serialized"/>
		<integer name="shapeIndex" value="3"/>

		<bsdf type="diffuse"/>
	</shape>

	<shape type="serialized" id="dragon_scene_0_mesh">
		<string name="filename" value="dragon_scene.serialized"/>
		<integer name="shapeIndex" value="4"/>

		<ref name="bsdf" id="white_material"/>
	</shape>

	<shape type="serialized" id="dragon_scene_1_mesh">
		<string name="filename" value="dragon_scene.serialized"/>
		<integer name="shapeIndex" value="5"/>

		<bsdf type="diffuse"/>
	</shape>

	<shape type="serialized" id="dragon_scene_2_mesh">
		<string name="filename" value="dragon_scene.serialized"/>
		<integer name="shapeIndex" value="6"/>

		<ref name="bsdf" id="white_material"/>
	</shape>

	<shape type="serialized" id="dragon_scene_3_mesh">
		<string name="filename" value="dragon_scene.serialized"/>
		<integer name="shapeIndex" value="7"/>

		<bsdf type="diffuse"/>
	</shape>

	<shape type="serialized" id="dragon_scene_4_mesh">
		<string name="filename" value="dragon_scene.serialized"/>
		<integer name="shapeIndex" value="8"/>

		<ref name="bsdf" id="white_material"/>
	</shape>

	<shape type="serialized" id="dragon_scene_5_mesh">
		<string name="filename" value="dragon_scene.serialized"/>
		<integer name="shapeIndex" value="9"/>

		<bsdf type="diffuse"/>
	</shape>

	<shape type="serialized" id="light0_mesh">
		<string name="filename" value="dragon_scene.serialized"/>
		<integer name="shapeIndex" value="10"/>

		<ref name="bsdf" id="light_material"/>

		<emitter type="area">
			<rgb name="radiance" value="1 2 4"/>
		</emitter>
	</shape>

	<sensor type="perspective">
		<float name="farClip" value="372.427"/>
		<float name="focusDistance" value="63.365"/>
		<float name="fov" value="45"/>
		<string name="fovAxis" value="x"/>
		<float name="nearClip" value="0.724265"/>
		<transform name="toWorld">
			<lookat target="0 15 0" origin="0 25 60" up="0 1 0"/>
		</transform>

		<sampler type="independent">
			<integer name="sampleCount" value="32"/>
		</sampler>

		<film type="hdrfilm">
			<integer name="height" value="800"/>
			<integer name="width" value="800"/>

			<rfilter type="box"/>
		</film>
	</sensor>
</scene>
